StartDate,EndDate,Status,,Progress,Duration (in seconds),Finished,RecordedDate,ResponseId,RecipientLastName,RecipientFirstName,RecipientEmail,ExternalReference,,,DistributionChannel,UserLanguage,Q1,Q4,Q7,Q8,Q9,Q10,Q11,Q12,Q14,Q72,Q15,Q16,Q69,Q18,Q19,Q20,Q21,Q22,Q23,Q24,Q25,Q26,Q27,Q41,Q42,Q43,Q44,Q45,Q46,Q47,Q49,Q48,Q50,Q51,Q70,Q30,Q31,Q32,Q33,Q34,Q35,Q36,Q37,Q38,Q39,Q53,Q54,Q55,Q56,Q57,Q58,Q59,Q61,Q60,Q62,Q63,Q71,Q65,Q66,Q67,Q68,position,position2,PROP_FOCAL_OPT_CHOSEN,CONDITION,PRECHOICE_SPREAD,POSTCHOICE_SPREAD,
Start Date,End Date,Response Type,,Progress,Duration (in seconds),Finished,Recorded Date,Response ID,Recipient Last Name,Recipient First Name,Recipient Email,External Data Reference,,,Distribution Channel,User Language,"You are invited to participate in a research study conducted by Gobi Dasu, masters student at Stanford University. To be a participant in this study you must be at least 18 years of age or older.  Participation in this study is voluntary.  You will answer a few questions about consumer decisions.PURPOSE OF THE STUDY: We are investigating consumer decisions.PROCEDURES: You will be asked questions about consumer decisions. The survey will take approximately 6 minutes to complete.POTENTIAL RISKS AND DISCOMFORTS: There are no foreseeable physical or psychological risks associated with this study. POTENTIAL BENEFITS TO SUBJECTS AND/OR TO SOCIETY: There are no immediate benefits to participants. The data we collect from this study will contribute to ongoing research in consumer psychology.CONFIDENTIALITY: All responses are anonymous and no information that is obtained through your responses from this study will be identified with you.  Only the investigators will have access to your data during and after the study concludes.CONTACT INFORMATION: If you have any questions or concerns about this study, please feel free to contact Gobi Dasu gdasu@stanford.edu.RIGHTS OF RESEARCH SUBJECTS: Your participation in this study is voluntary. You may choose to withdraw consent and discontinue participation at any time without penalty. You are not waiving any legal claims, rights or remedies because of your participation in this research study. SIGNATURE OF RESEARCH SUBJECT: Your voluntary completion of the survey constitutes your consent to participate.  By continuing with the survey you signify that you understand the procedures described above and you agree to participate in this study.Do you consent to this process and wish to continue?",$100 Visa gift card,2 nights in a luxury hotel,Upgrade of an international flight to first class,4-day rental of mid-sized vehicle,$200 Amazon gift card,Dinner for 2 at a Michelin-starred restaurant,$150 mall gift card,2 one-year magazine subscriptions,$150 gas card,$150 discount on new smartphone,Unlimited movie theater pass for one month,"$100Visa gift card","If my only opportunity to spend my miles before they expirewere: 2 nights in a luxury hotel, I wouldŠ—_","If my only opportunity to spend my miles before they expirewere: an upgrade of an international flight to first class, I wouldŠ—_","If my only opportunity to spend my miles before they expirewere: a 4-day rental of a mid-sized vehicle, I would...","If my only opportunity to spend my miles before they expirewere: a $200 Amazon gift card, I would...","If my only opportunity to spend my miles before they expirewere: dinner for 2 at a Michelin-starred restaurant, I would...","If my only opportunity to spend my miles before they expirewere: a $150 mall gift card, I would...","If my only opportunity to spend my miles before they expirewere: 2 one-year magazine subscriptions, I would...","If my only opportunity to spend my miles before they expirewere:a $150 gas card, I would...","If my only opportunity to spend my miles before they expirewere: a $150 discount on a new smartphone, I would...","If my only opportunity to spend my miles before they expirewere: an unlimited movie theater pass for one month, Iwould...","$100Visa gift card","2nights in a luxury hotel",Upgrade of an international flight to first class,4-day rental of mid-sized vehicle,$200 Amazon gift card,Dinner for 2 at a Michelin-starred restaurant,$150 mall gift card,2 one-year magazine subscriptions,$150 gas card,$150 discount on new smartphone,Unlimited movie theater pass for one month,"$100Visa gift card","If my only opportunity to spend my miles before they expirewere: 2 nights in a luxury hotel, I wouldŠ—_","If my only opportunity to spend my miles before they expirewere: an upgrade of an international flight to first class, I wouldŠ—_","If my only opportunity to spend my miles before they expirewere: a 4-day rental of a mid-sized vehicle, I would...","If my only opportunity to spend my miles before they expirewere: a $200 Amazon gift card, I would...","If my only opportunity to spend my miles before they expirewere: dinner for 2 at a Michelin-starred restaurant, I would...","If my only opportunity to spend my miles before they expirewere: a $150 mall gift card, I would...","If my only opportunity to spend my miles before they expirewere: 2 one-year magazine subscriptions, I would...","If my only opportunity to spend my miles before they expirewere:a $150 gas card, I would...","If my only opportunity to spend my miles before they expirewere: a $150 discount on a new smartphone, I would...","If my only opportunity to spend my miles before they expirewere: an unlimited movie theater pass for one month, Iwould...","$100Visa gift card","2nights in a luxury hotel",Upgrade of an international flight to first class,4-day rental of mid-sized vehicle,$200 Amazon gift card,Dinner for 2 at a Michelin-starred restaurant,$150 mall gift card,2 one-year magazine subscriptions,$150 gas card,$150 discount on new smartphone,Unlimited movie theater pass for one month,"$100Visa gift card","In your ownwords, please describe what would happen to your 50,000 miles if you decidednot to spend them on any of the 10 offers you were shown.","Now we want to ask you a question about your perception ofgift cards. It is very important to read the instructions carefully, and thinkabout all the questions before you answer. Unfortunately, some people donŠ—Ètread directions carefully. If you are a careful reader, please let us know byselecting the third answer from the left.I generally feel positive about receiving gift cards:",What is your sex?,What is your age?,position,position2,,,,,
"{""ImportId"":""startDate"",""timeZone"":""America/Denver""}","{""ImportId"":""endDate"",""timeZone"":""America/Denver""}","{""ImportId"":""status""}",,"{""ImportId"":""progress""}","{""ImportId"":""duration""}","{""ImportId"":""finished""}","{""ImportId"":""recordedDate"",""timeZone"":""America/Denver""}","{""ImportId"":""_recordId""}","{""ImportId"":""recipientLastName""}","{""ImportId"":""recipientFirstName""}","{""ImportId"":""recipientEmail""}","{""ImportId"":""externalDataReference""}",,,"{""ImportId"":""distributionChannel""}","{""ImportId"":""userLanguage""}","{""ImportId"":""QID1""}","{""ImportId"":""QID4""}","{""ImportId"":""QID7""}","{""ImportId"":""QID8""}","{""ImportId"":""QID9""}","{""ImportId"":""QID10""}","{""ImportId"":""QID11""}","{""ImportId"":""QID12""}","{""ImportId"":""QID14""}","{""ImportId"":""QID72""}","{""ImportId"":""QID15""}","{""ImportId"":""QID16""}","{""ImportId"":""QID69""}","{""ImportId"":""QID18""}","{""ImportId"":""QID19""}","{""ImportId"":""QID20""}","{""ImportId"":""QID21""}","{""ImportId"":""QID22""}","{""ImportId"":""QID23""}","{""ImportId"":""QID24""}","{""ImportId"":""QID25""}","{""ImportId"":""QID26""}","{""ImportId"":""QID27""}","{""ImportId"":""QID41""}","{""ImportId"":""QID42""}","{""ImportId"":""QID43""}","{""ImportId"":""QID44""}","{""ImportId"":""QID45""}","{""ImportId"":""QID46""}","{""ImportId"":""QID47""}","{""ImportId"":""QID49""}","{""ImportId"":""QID48""}","{""ImportId"":""QID50""}","{""ImportId"":""QID51""}","{""ImportId"":""QID70""}","{""ImportId"":""QID30""}","{""ImportId"":""QID31""}","{""ImportId"":""QID32""}","{""ImportId"":""QID33""}","{""ImportId"":""QID34""}","{""ImportId"":""QID35""}","{""ImportId"":""QID36""}","{""ImportId"":""QID37""}","{""ImportId"":""QID38""}","{""ImportId"":""QID39""}","{""ImportId"":""QID53""}","{""ImportId"":""QID54""}","{""ImportId"":""QID55""}","{""ImportId"":""QID56""}","{""ImportId"":""QID57""}","{""ImportId"":""QID58""}","{""ImportId"":""QID59""}","{""ImportId"":""QID61""}","{""ImportId"":""QID60""}","{""ImportId"":""QID62""}","{""ImportId"":""QID63""}","{""ImportId"":""QID71""}","{""ImportId"":""QID65_TEXT""}","{""ImportId"":""QID66""}","{""ImportId"":""QID67""}","{""ImportId"":""QID68_TEXT""}","{""ImportId"":""position""}","{""ImportId"":""position2""}",,,,,SANITY CHECK FOR EMPTY CELLS
11/1/17 0:23,11/1/17 0:25,IP Address,,100,136,TRUE,11/1/17 0:25,R_z8eLNCwfvTl3G4p,,,,,,,anonymous,EN,"Yes, I consent.",,7,7,5,7,7,6,1,5,4,1,7,,,,,,,,,,,,,,,,,,,,,,,Spend my miles on 2 nights in a luxury hotel,Spend my miles on an upgrade of an international flight to first class,Spend my miles on a 4-day rental of a mid-sized vehicle,Spend my miles on a $200 Amazon gift card,Spend my miles on dinner for 2 at a Michelin-starred restaurant,Spend my miles on a $150 mall gift card,Spend my miles on 2 one-year magazine subscriptions,Spend my miles on a $150 gas card,Spend my miles on a $150 discount on a new smartphone,Spend my miles on an unlimited movie theater pass for one month,,7,7,5,7,7,7,1,6,5,2,6,they would expire,Somewhat disagree,Female,21,end,,1,-1,-2,-0.6,1
11/1/17 2:13,11/1/17 2:19,IP Address,,100,365,TRUE,11/1/17 2:19,R_2PjKvg0PlvlF1wv,,,,,,,anonymous,EN,"Yes, I consent.",6,2,7,4,7,4,3,1,4,7,5,,Not spend my miles on 2 nights in a luxury hotel and take the $100 Visa gift card instead,Spend my miles on an upgrade of an international flight to first class,Not spend my miles on a 4-day rental of a mid-sized vehicle and take the $100 Visa gift card instead,Spend my miles on a $200 Amazon gift card,Spend my miles on dinner for 2 at a Michelin-starred restaurant,Spend my miles on a $150 mall gift card,Not spend my miles on 2 one-year magazine subscriptions and take the $100 Visa gift card instead,Spend my miles on a $150 gas card,Spend my miles on a $150 discount on a new smartphone,Not spend my miles on an unlimited movie theater pass for one month and take the $100 Visa gift card instead,6,4,7,4,7,5,5,1,4,7,5,,,,,,,,,,,,,,,,,,,,,,,,"Assuming there are other possible offers besides the 10 offers shown, I might choose one of those. If I took the airline's counter-offer, I would receive a $100 Visa giftcard. If not, the miles would expire & I would gain nothing. ",Somewhat disagree,Female,22,start,,0.6,1,-1.6,-1.1,3
11/1/17 12:27,11/1/17 12:39,IP Address,,100,716,TRUE,11/1/17 12:39,R_1OPjHWu4RRC6egt,,,,,,,anonymous,EN,"Yes, I consent.",4,1,3,1,5,3,5,1,5,5,2,,,,,,,,,,,,,,,,,,,,,,,,Not spend my miles on 2 nights in a luxury hotel,Spend my miles on an upgrade of an international flight to first class,Not spend my miles on a 4-day rental of a mid-sized vehicle,Spend my miles on a $200 Amazon gift card,Not spend my miles on dinner for 2 at a Michelin-starred restaurant,Spend my miles on a $150 mall gift card,Not spend my miles on 2 one-year magazine subscriptions,Spend my miles on a $150 gas card,Spend my miles on a $150 discount on a new smartphone,Not spend my miles on an unlimited movie theater pass for one month,5,1,5,1,6,1,5,1,5,5,1,,It will be lost,Somewhat disagree,Female,56,start,,0.5,-1,-0.9,-1.9,
11/12/17 3:05,11/12/17 3:09,IP Address,,100,247,TRUE,11/12/17 3:09,R_pADPurnd2CAXDoZ,,,,,,,anonymous,EN,"Yes, I consent.",,7,4,2,7,5,7,7,3,1,2,7,,,,,,,,,,,,,,,,,,,,,,,Spend my miles on 2 nights in a luxury hotel,Not spend my miles on an upgrade of an international flight to first class,Not spend my miles on a 4-day rental of a mid-sized vehicle,Spend my miles on a $200 Amazon gift card,Spend my miles on dinner for 2 at a Michelin-starred restaurant,Spend my miles on a $150 mall gift card,Spend my miles on 2 one-year magazine subscriptions,Not spend my miles on a $150 gas card,Not spend my miles on a $150 discount on a new smartphone,Not spend my miles on an unlimited movie theater pass for one month,,7,1,1,7,7,7,7,2,2,2,7,I will get a $100 Visa Card,Strongly agree,Male,39,end,end,0.5,-1,-2.5,-2.7,5
11/12/17 3:40,11/12/17 3:49,IP Address,,100,563,TRUE,11/12/17 3:49,R_33dtuDJeC8VxRNO,,,,,,,anonymous,EN,"Yes, I consent.",,4,6,6,5,7,4,6,3,1,2,4,Not spend my miles on 2 nights in a luxury hotel and take the $100 Visa gift card instead,Not spend my miles on an upgrade of an international flight to first class and take the $100 Visa gift card instead,Not spend my miles on a 4-day rental of a mid-sized vehicle and take the $100 Visa gift card instead,Spend my miles on a $200 Amazon gift card,Spend my miles on dinner for 2 at a Michelin-starred restaurant,Spend my miles on a $150 mall gift card,Spend my miles on 2 one-year magazine subscriptions,Spend my miles on a $150 gas card,Not spend my miles on a $150 discount on a new smartphone and take the $100 Visa gift card instead,Not spend my miles on an unlimited movie theater pass for one month and take the $100 Visa gift card instead,4,4,5,4,6,5,5,5,3,2,2,,,,,,,,,,,,,,,,,,,,,,,,Thry would expire,Neither agree nor disagree,Male,58,end,start,0.5,1,0.4,0.1,3
11/12/17 3:56,11/12/17 4:02,IP Address,,100,360,TRUE,11/12/17 4:02,R_1oBfRsXb6JF63ZV,,,,,,,anonymous,EN,"Yes, I consent.",5,5,7,4,7,7,5,3,7,4,4,,Spend my miles on 2 nights in a luxury hotel,Spend my miles on an upgrade of an international flight to first class,Not spend my miles on a 4-day rental of a mid-sized vehicle and take the $100 Visa gift card instead,Spend my miles on a $200 Amazon gift card,Spend my miles on dinner for 2 at a Michelin-starred restaurant,Not spend my miles on a $150 mall gift card and take the $100 Visa gift card instead,Not spend my miles on 2 one-year magazine subscriptions and take the $100 Visa gift card instead,Spend my miles on a $150 gas card,Spend my miles on a $150 discount on a new smartphone,Not spend my miles on an unlimited movie theater pass for one month and take the $100 Visa gift card instead,,5,7,4,5,5,4,4,7,5,4,5,,,,,,,,,,,,,,,,,,,,,,,I would probably use them,Agree,Male,56,start,end,0.6,1,0.3,0,
11/12/17 3:53,11/12/17 4:04,IP Address,,100,605,TRUE,11/12/17 4:04,R_3ez68TUkfywtVvU,,,,,,,anonymous,EN,"Yes, I consent.",,3,2,4,4,5,4,7,4,5,6,5,,,,,,,,,,,,,,,,,,,,,,,Not spend my miles on 2 nights in a luxury hotel,Spend my miles on an upgrade of an international flight to first class,Not spend my miles on a 4-day rental of a mid-sized vehicle,Spend my miles on a $200 Amazon gift card,Spend my miles on dinner for 2 at a Michelin-starred restaurant,Spend my miles on a $150 mall gift card,Not spend my miles on 2 one-year magazine subscriptions,Spend my miles on a $150 gas card,Not spend my miles on a $150 discount on a new smartphone,Spend my miles on an unlimited movie theater pass for one month,6,3,4,2,6,4,4,1,4,2,4,,It will expire. You said that it's the only way to spend the miles. Therefore I'm assuming I won't receive the $100 Visa card if they expire. If that's not what you meant then you should rephrase.,Somewhat disagree,Male,24,end,start,0.6,-1,-0.6,-2.6,
11/12/17 4:24,11/12/17 4:28,IP Address,,100,209,TRUE,11/12/17 4:28,R_2Tn28GTT2NvRFs6,,,,,,,anonymous,EN,"Yes, I consent.",,3,4,6,6,1,3,1,4,1,2,5,,,,,,,,,,,,,,,,,,,,,,,Not spend my miles on 2 nights in a luxury hotel,Not spend my miles on an upgrade of an international flight to first class,Not spend my miles on a 4-day rental of a mid-sized vehicle,Not spend my miles on a $200 Amazon gift card,Not spend my miles on dinner for 2 at a Michelin-starred restaurant,Not spend my miles on a $150 mall gift card,Not spend my miles on 2 one-year magazine subscriptions,Not spend my miles on a $150 gas card,Not spend my miles on a $150 discount on a new smartphone,Not spend my miles on an unlimited movie theater pass for one month,5,4,3,5,7,1,4,1,4,1,2,,"I would spend them on flight tickets. 50,000 miles is generally worth $500+ on flights, so all of the other offers listed are terrible value.",Strongly agree,Female,25,end,start,0,-1,-1.9,-1.8,
11/12/17 4:47,11/12/17 4:52,IP Address,,100,323,TRUE,11/12/17 4:52,R_1mQlkM7NqLGR8AK,,,,,,,anonymous,EN,"Yes, I consent.",,7,6,3,6,5,5,2,5,3,5,4,Spend my miles on 2 nights in a luxury hotel,Spend my miles on an upgrade of an international flight to first class,Not spend my miles on a 4-day rental of a mid-sized vehicle and take the $100 Visa gift card instead,Spend my miles on a $200 Amazon gift card,Spend my miles on dinner for 2 at a Michelin-starred restaurant,Spend my miles on a $150 mall gift card,Not spend my miles on 2 one-year magazine subscriptions and take the $100 Visa gift card instead,Spend my miles on a $150 gas card,Not spend my miles on a $150 discount on a new smartphone and take the $100 Visa gift card instead,Spend my miles on an unlimited movie theater pass for one month,5,7,4,3,6,5,5,2,4,4,5,,,,,,,,,,,,,,,,,,,,,,,,I would receive a Î£100 visa giftcard,Somewhat disagree,Female,28,end,start,0.7,1,0.7,-0.5,
11/12/17 6:06,11/12/17 6:12,IP Address,,100,352,TRUE,11/12/17 6:12,R_3EMuFBhOaX8wl74,,,,,,,anonymous,EN,"Yes, I consent.",,1,4,1,1,1,1,1,1,1,1,1,Not spend my miles on 2 nights in a luxury hotel and take the $100 Visa gift card instead,Spend my miles on an upgrade of an international flight to first class,Not spend my miles on a 4-day rental of a mid-sized vehicle and take the $100 Visa gift card instead,Spend my miles on a $200 Amazon gift card,Not spend my miles on dinner for 2 at a Michelin-starred restaurant and take the $100 Visa gift card instead,Not spend my miles on a $150 mall gift card and take the $100 Visa gift card instead,Not spend my miles on 2 one-year magazine subscriptions and take the $100 Visa gift card instead,Spend my miles on a $150 gas card,Not spend my miles on a $150 discount on a new smartphone and take the $100 Visa gift card instead,Not spend my miles on an unlimited movie theater pass for one month and take the $100 Visa gift card instead,,1,7,1,7,1,1,1,1,1,1,4,,,,,,,,,,,,,,,,,,,,,,,Take a vacation and use miles or gift a vacation to some one,Neither agree nor disagree,Male,54,end,end,0.3,1,0.3,-1.8,
11/12/17 6:14,11/12/17 6:18,IP Address,,100,226,TRUE,11/12/17 6:18,R_31BJuqcGx8PgXnj,,,,,,,anonymous,EN,"Yes, I consent.",7,4,5,4,7,6,6,3,6,4,5,,,,,,,,,,,,,,,,,,,,,,,,Not spend my miles on 2 nights in a luxury hotel,Spend my miles on an upgrade of an international flight to first class,Not spend my miles on a 4-day rental of a mid-sized vehicle,Spend my miles on a $200 Amazon gift card,Spend my miles on dinner for 2 at a Michelin-starred restaurant,Spend my miles on a $150 mall gift card,Not spend my miles on 2 one-year magazine subscriptions,Spend my miles on a $150 gas card,Not spend my miles on a $150 discount on a new smartphone,Not spend my miles on an unlimited movie theater pass for one month,7,4,5,4,7,5,6,4,7,3,4,,Miles expire and I receive a $100 Visa gift card,Somewhat disagree,Male,66,start,start,0.5,-1,-2,-2.1,
11/12/17 6:40,11/12/17 6:45,IP Address,,100,283,TRUE,11/12/17 6:45,R_3Rll1COA547Uafd,,,,,,,anonymous,EN,"Yes, I consent.",,7,7,4,7,7,7,1,7,7,1,7,Spend my miles on 2 nights in a luxury hotel,Not spend my miles on an upgrade of an international flight to first class and take the $100 Visa gift card instead,Not spend my miles on a 4-day rental of a mid-sized vehicle and take the $100 Visa gift card instead,Spend my miles on a $200 Amazon gift card,Spend my miles on dinner for 2 at a Michelin-starred restaurant,Spend my miles on a $150 mall gift card,Not spend my miles on 2 one-year magazine subscriptions and take the $100 Visa gift card instead,Spend my miles on a $150 gas card,Spend my miles on a $150 discount on a new smartphone,Not spend my miles on an unlimited movie theater pass for one month and take the $100 Visa gift card instead,7,7,7,4,7,7,7,1,7,7,1,,,,,,,,,,,,,,,,,,,,,,,,They would expire.,Strongly agree,Male,60,end,start,0.6,1,-1.5,-1.5,
11/12/17 7:34,11/12/17 7:39,IP Address,,100,289,TRUE,11/12/17 7:39,R_x3ZJpFEkqBRmEOl,,,,,,,anonymous,EN,"Yes, I consent.",,5,5,3,5,5,4,3,3,3,3,5,,,,,,,,,,,,,,,,,,,,,,,Not spend my miles on 2 nights in a luxury hotel,Spend my miles on an upgrade of an international flight to first class,Not spend my miles on a 4-day rental of a mid-sized vehicle,Spend my miles on a $200 Amazon gift card,Spend my miles on dinner for 2 at a Michelin-starred restaurant,Spend my miles on a $150 mall gift card,Not spend my miles on 2 one-year magazine subscriptions,Not spend my miles on a $150 gas card,Not spend my miles on a $150 discount on a new smartphone,Not spend my miles on an unlimited movie theater pass for one month,,5,5,3,5,5,4,3,3,3,3,5,You would get 100$,Somewhat agree,Female,29,end,end,0.4,-1,-1.1,-1.1,
11/12/17 9:18,11/12/17 9:23,IP Address,,100,301,TRUE,11/12/17 9:23,R_22tpzGPVkmHUGBX,,,,,,,anonymous,EN,"Yes, I consent.",7,3,7,4,7,7,6,3,7,4,6,,,,,,,,,,,,,,,,,,,,,,,,Not spend my miles on 2 nights in a luxury hotel,Spend my miles on an upgrade of an international flight to first class,Not spend my miles on a 4-day rental of a mid-sized vehicle,Spend my miles on a $200 Amazon gift card,Spend my miles on dinner for 2 at a Michelin-starred restaurant,Spend my miles on a $150 mall gift card,Not spend my miles on 2 one-year magazine subscriptions,Spend my miles on a $150 gas card,Not spend my miles on a $150 discount on a new smartphone,Not spend my miles on an unlimited movie theater pass for one month,7,3,7,4,7,7,6,2,7,4,6,,Receive a $100 visa giftcard,Somewhat disagree,Female,20,start,start,0.5,-1,-1.6,-1.7,
11/12/17 9:33,11/12/17 9:38,IP Address,,100,271,TRUE,11/12/17 9:38,R_2BncnPUDqU2IHLu,,,,,,,anonymous,EN,"Yes, I consent.",5,5,6,4,7,7,5,4,3,4,3,,Not spend my miles on 2 nights in a luxury hotel and take the $100 Visa gift card instead,Not spend my miles on an upgrade of an international flight to first class and take the $100 Visa gift card instead,Spend my miles on a 4-day rental of a mid-sized vehicle,Not spend my miles on a $200 Amazon gift card and take the $100 Visa gift card instead,Spend my miles on dinner for 2 at a Michelin-starred restaurant,Not spend my miles on a $150 mall gift card and take the $100 Visa gift card instead,Not spend my miles on 2 one-year magazine subscriptions and take the $100 Visa gift card instead,Not spend my miles on a $150 gas card and take the $100 Visa gift card instead,Not spend my miles on a $150 discount on a new smartphone and take the $100 Visa gift card instead,Not spend my miles on an unlimited movie theater pass for one month and take the $100 Visa gift card instead,,6,6,3,6,3,3,3,2,3,3,3,,,,,,,,,,,,,,,,,,,,,,,I would forget about them ,Agree,Male,22,start,end,0.2,1,-0.2,0.8,
11/12/17 9:41,11/12/17 9:46,IP Address,,100,311,TRUE,11/12/17 9:46,R_1difaMDj3QXArQJ,,,,,,,anonymous,EN,"Yes, I consent.",6,2,3,3,7,6,7,1,6,2,1,,,,,,,,,,,,,,,,,,,,,,,,Not spend my miles on 2 nights in a luxury hotel,Not spend my miles on an upgrade of an international flight to first class,Not spend my miles on a 4-day rental of a mid-sized vehicle,Spend my miles on a $200 Amazon gift card,Spend my miles on dinner for 2 at a Michelin-starred restaurant,Not spend my miles on a $150 mall gift card,Not spend my miles on 2 one-year magazine subscriptions,Spend my miles on a $150 gas card,Not spend my miles on a $150 discount on a new smartphone,Not spend my miles on an unlimited movie theater pass for one month,,3,3,3,7,7,3,1,4,3,1,5,Get $100 Visa gift card,Disagree,Male,65,start,end,0.3,-1,-2.2,-1.5,
11/12/17 10:15,11/12/17 10:19,IP Address,,100,219,TRUE,11/12/17 10:19,R_2CvpsljqZEMR9gL,,,,,,,anonymous,EN,"Yes, I consent.",7,4,4,2,7,6,4,1,3,3,2,,Not spend my miles on 2 nights in a luxury hotel and take the $100 Visa gift card instead,Not spend my miles on an upgrade of an international flight to first class and take the $100 Visa gift card instead,Not spend my miles on a 4-day rental of a mid-sized vehicle and take the $100 Visa gift card instead,Spend my miles on a $200 Amazon gift card,Spend my miles on dinner for 2 at a Michelin-starred restaurant,Not spend my miles on a $150 mall gift card and take the $100 Visa gift card instead,Not spend my miles on 2 one-year magazine subscriptions and take the $100 Visa gift card instead,Not spend my miles on a $150 gas card and take the $100 Visa gift card instead,Not spend my miles on a $150 discount on a new smartphone and take the $100 Visa gift card instead,Not spend my miles on an unlimited movie theater pass for one month and take the $100 Visa gift card instead,7,5,5,1,7,6,3,1,2,3,1,,,,,,,,,,,,,,,,,,,,,,,,They would go away,Somewhat agree,Female,21,start,start,0.2,1,-3.4,-3.6,
11/12/17 10:38,11/12/17 10:45,IP Address,,100,424,TRUE,11/12/17 10:45,R_a5WnCJbwexkjzfr,,,,,,,anonymous,EN,"Yes, I consent.",,4,7,5,7,7,7,1,7,7,7,7,,,,,,,,,,,,,,,,,,,,,,,Spend my miles on 2 nights in a luxury hotel,Spend my miles on an upgrade of an international flight to first class,Spend my miles on a 4-day rental of a mid-sized vehicle,Spend my miles on a $200 Amazon gift card,Not spend my miles on dinner for 2 at a Michelin-starred restaurant,Spend my miles on a $150 mall gift card,Not spend my miles on 2 one-year magazine subscriptions,Not spend my miles on a $150 gas card,Spend my miles on a $150 discount on a new smartphone,Not spend my miles on an unlimited movie theater pass for one month,,6,7,5,7,5,5,1,5,7,7,5,"I would likely try to use them for an upgrade - however, if I cant - I will most likely lose them ",Neither agree nor disagree,Female,39,end,end,0.6,-1,-1.1,0.5,
11/12/17 11:14,11/12/17 11:21,IP Address,,100,412,TRUE,11/12/17 11:21,R_3mGeCAAlOgqykyR,,,,,,,anonymous,EN,"Yes, I consent.",,3,7,3,7,1,5,3,1,3,6,7,Not spend my miles on 2 nights in a luxury hotel and take the $100 Visa gift card instead,Not spend my miles on an upgrade of an international flight to first class and take the $100 Visa gift card instead,Not spend my miles on a 4-day rental of a mid-sized vehicle and take the $100 Visa gift card instead,Spend my miles on a $200 Amazon gift card,Not spend my miles on dinner for 2 at a Michelin-starred restaurant and take the $100 Visa gift card instead,Spend my miles on a $150 mall gift card,Not spend my miles on 2 one-year magazine subscriptions and take the $100 Visa gift card instead,Not spend my miles on a $150 gas card and take the $100 Visa gift card instead,Not spend my miles on a $150 discount on a new smartphone and take the $100 Visa gift card instead,Spend my miles on an unlimited movie theater pass for one month,6,3,6,4,7,1,7,3,1,2,6,,,,,,,,,,,,,,,,,,,,,,,,I would have tried to convince the airline to use them for environmental conservation projects or education projects to fly young adults from developing nations to an international conference on environmental conservation.,Strongly agree,Female,24,end,start,0.3,1,-3.1,-2,
11/12/17 11:41,11/12/17 11:44,IP Address,,100,200,TRUE,11/12/17 11:44,R_BDr7tbkA7JtoOul,,,,,,,anonymous,EN,"Yes, I consent.",7,4,6,5,7,6,7,5,6,5,3,,Not spend my miles on 2 nights in a luxury hotel and take the $100 Visa gift card instead,Not spend my miles on an upgrade of an international flight to first class and take the $100 Visa gift card instead,Not spend my miles on a 4-day rental of a mid-sized vehicle and take the $100 Visa gift card instead,Spend my miles on a $200 Amazon gift card,Spend my miles on dinner for 2 at a Michelin-starred restaurant,Spend my miles on a $150 mall gift card,Not spend my miles on 2 one-year magazine subscriptions and take the $100 Visa gift card instead,Spend my miles on a $150 gas card,Not spend my miles on a $150 discount on a new smartphone and take the $100 Visa gift card instead,Not spend my miles on an unlimited movie theater pass for one month and take the $100 Visa gift card instead,7,4,4,5,7,6,7,4,6,4,3,,,,,,,,,,,,,,,,,,,,,,,,"They would expire, and I would start again with 0 miles.",Somewhat agree,Male,22,start,start,0.4,1,-1.6,-2,
11/12/17 14:17,11/12/17 14:24,IP Address,,100,444,TRUE,11/12/17 14:24,R_3p5XaGUl06Duez2,,,,,,,anonymous,EN,"Yes, I consent.",6,5,7,4,7,6,5,5,1,5,5,,,,,,,,,,,,,,,,,,,,,,,,Not spend my miles on 2 nights in a luxury hotel,Spend my miles on an upgrade of an international flight to first class,Not spend my miles on a 4-day rental of a mid-sized vehicle,Spend my miles on a $200 Amazon gift card,Not spend my miles on dinner for 2 at a Michelin-starred restaurant,Not spend my miles on a $150 mall gift card,Not spend my miles on 2 one-year magazine subscriptions,Not spend my miles on a $150 gas card,Not spend my miles on a $150 discount on a new smartphone,Not spend my miles on an unlimited movie theater pass for one month,6,5,6,3,7,5,3,3,1,4,3,,I would like them to benefit traveling somehow.,Somewhat agree,Male,25,start,start,0.2,-1,-1,-2,
11/12/17 14:30,11/12/17 14:34,IP Address,,100,237,TRUE,11/12/17 14:34,R_Z50QRCdDiaFJnBn,,,,,,,anonymous,EN,"Yes, I consent.",,1,7,3,5,1,1,1,4,7,1,1,Not spend my miles on 2 nights in a luxury hotel and take the $100 Visa gift card instead,Spend my miles on an upgrade of an international flight to first class,Not spend my miles on a 4-day rental of a mid-sized vehicle and take the $100 Visa gift card instead,Spend my miles on a $200 Amazon gift card,Not spend my miles on dinner for 2 at a Michelin-starred restaurant and take the $100 Visa gift card instead,Not spend my miles on a $150 mall gift card and take the $100 Visa gift card instead,Not spend my miles on 2 one-year magazine subscriptions and take the $100 Visa gift card instead,Not spend my miles on a $150 gas card and take the $100 Visa gift card instead,Spend my miles on a $150 discount on a new smartphone,Not spend my miles on an unlimited movie theater pass for one month and take the $100 Visa gift card instead,,3,7,3,7,2,1,1,4,7,1,2,,,,,,,,,,,,,,,,,,,,,,,i would still have them until they hit the expiry date,Somewhat disagree,Female,18,end,end,0.3,1,2.1,1.6,
11/12/17 15:10,11/12/17 15:17,IP Address,,100,403,TRUE,11/12/17 15:17,R_3M3tsAoPRIikg4C,,,,,,,anonymous,EN,"Yes, I consent.",,7,7,7,7,7,7,1,7,5,7,7,Spend my miles on 2 nights in a luxury hotel,Spend my miles on an upgrade of an international flight to first class,Spend my miles on a 4-day rental of a mid-sized vehicle,Spend my miles on a $200 Amazon gift card,Spend my miles on dinner for 2 at a Michelin-starred restaurant,Spend my miles on a $150 mall gift card,Not spend my miles on 2 one-year magazine subscriptions and take the $100 Visa gift card instead,Spend my miles on a $150 gas card,Not spend my miles on a $150 discount on a new smartphone and take the $100 Visa gift card instead,Not spend my miles on an unlimited movie theater pass for one month and take the $100 Visa gift card instead,,7,7,7,7,7,7,1,7,7,6,7,,,,,,,,,,,,,,,,,,,,,,,$100 visa gift card,Somewhat disagree,Female,23,end,end,0.7,1,-0.8,-0.7,
11/12/17 18:45,11/12/17 18:49,IP Address,,100,263,TRUE,11/12/17 18:49,R_3QKPdhWRp200adT,,,,,,,anonymous,EN,"Yes, I consent.",,4,7,2,5,7,3,2,4,5,5,3,,,,,,,,,,,,,,,,,,,,,,,Spend my miles on 2 nights in a luxury hotel,Spend my miles on an upgrade of an international flight to first class,Not spend my miles on a 4-day rental of a mid-sized vehicle,Not spend my miles on a $200 Amazon gift card,Not spend my miles on dinner for 2 at a Michelin-starred restaurant,Not spend my miles on a $150 mall gift card,Not spend my miles on 2 one-year magazine subscriptions,Not spend my miles on a $150 gas card,Not spend my miles on a $150 discount on a new smartphone,Not spend my miles on an unlimited movie theater pass for one month,1,4,7,2,3,6,2,2,2,4,2,,you'd get a $100 visa gift card,Somewhat agree,Male,24,end,start,0.2,-1,1.4,2.4,
11/12/17 19:29,11/12/17 19:33,IP Address,,100,269,TRUE,11/12/17 19:33,R_OBhxOHPM9MQeSqt,,,,,,,anonymous,EN,"Yes, I consent.",,7,7,3,7,5,7,1,7,1,7,7,Spend my miles on 2 nights in a luxury hotel,Not spend my miles on an upgrade of an international flight to first class and take the $100 Visa gift card instead,Not spend my miles on a 4-day rental of a mid-sized vehicle and take the $100 Visa gift card instead,Spend my miles on a $200 Amazon gift card,Spend my miles on dinner for 2 at a Michelin-starred restaurant,Spend my miles on a $150 mall gift card,Not spend my miles on 2 one-year magazine subscriptions and take the $100 Visa gift card instead,Spend my miles on a $150 gas card,Not spend my miles on a $150 discount on a new smartphone and take the $100 Visa gift card instead,Spend my miles on an unlimited movie theater pass for one month,7,7,1,3,7,5,7,1,7,1,7,,,,,,,,,,,,,,,,,,,,,,,,Use for other discount or take the $100 visa gift card ,Agree,Female,22,end,start,0.6,1,-1.8,-2.4,
11/12/17 20:11,11/12/17 20:17,IP Address,,100,324,TRUE,11/12/17 20:17,R_1jU4rg9QrY1uHVq,,,,,,,anonymous,EN,"Yes, I consent.",3,5,7,2,4,3,2,2,4,6,5,,Spend my miles on 2 nights in a luxury hotel,Spend my miles on an upgrade of an international flight to first class,Not spend my miles on a 4-day rental of a mid-sized vehicle and take the $100 Visa gift card instead,Spend my miles on a $200 Amazon gift card,Not spend my miles on dinner for 2 at a Michelin-starred restaurant and take the $100 Visa gift card instead,Not spend my miles on a $150 mall gift card and take the $100 Visa gift card instead,Not spend my miles on 2 one-year magazine subscriptions and take the $100 Visa gift card instead,Spend my miles on a $150 gas card,Spend my miles on a $150 discount on a new smartphone,Not spend my miles on an unlimited movie theater pass for one month and take the $100 Visa gift card instead,3,6,7,2,4,3,2,1,5,6,5,,,,,,,,,,,,,,,,,,,,,,,,They would expire,Somewhat agree,Male,30,start,start,0.5,1,1,1.1,
11/12/17 23:16,11/12/17 23:25,IP Address,,100,529,TRUE,11/12/17 23:25,R_Y39xuADuxcnmIBH,,,,,,,anonymous,EN,"Yes, I consent.",6,4,2,1,7,1,5,1,2,7,1,,Not spend my miles on 2 nights in a luxury hotel and take the $100 Visa gift card instead,Not spend my miles on an upgrade of an international flight to first class and take the $100 Visa gift card instead,Not spend my miles on a 4-day rental of a mid-sized vehicle and take the $100 Visa gift card instead,Spend my miles on a $200 Amazon gift card,Not spend my miles on dinner for 2 at a Michelin-starred restaurant and take the $100 Visa gift card instead,Not spend my miles on a $150 mall gift card and take the $100 Visa gift card instead,Not spend my miles on 2 one-year magazine subscriptions and take the $100 Visa gift card instead,Not spend my miles on a $150 gas card and take the $100 Visa gift card instead,Not spend my miles on a $150 discount on a new smartphone and take the $100 Visa gift card instead,Not spend my miles on an unlimited movie theater pass for one month and take the $100 Visa gift card instead,7,4,2,1,7,2,6,2,2,6,2,,,,,,,,,,,,,,,,,,,,,,,,"I might not use them, unless I am traveling somewhere. ",Somewhat disagree,Male,26,start,start,0.1,1,-2.9,-3.6,
11/13/17 2:07,11/13/17 2:12,IP Address,,100,305,TRUE,11/13/17 2:12,R_PYz5kISe1EhBtId,,,,,,,anonymous,EN,"Yes, I consent.",7,1,7,4,7,6,7,5,6,7,5,,,,,,,,,,,,,,,,,,,,,,,,Not spend my miles on 2 nights in a luxury hotel,Spend my miles on an upgrade of an international flight to first class,Not spend my miles on a 4-day rental of a mid-sized vehicle,Spend my miles on a $200 Amazon gift card,Spend my miles on dinner for 2 at a Michelin-starred restaurant,Spend my miles on a $150 mall gift card,Spend my miles on 2 one-year magazine subscriptions,Spend my miles on a $150 gas card,Spend my miles on a $150 discount on a new smartphone,Spend my miles on an unlimited movie theater pass for one month,,4,6,4,7,5,7,5,6,7,6,7,Convert them to miles on another card,Strongly agree,Female,45,start,end,0.8,-1,-1.5,-1.3,
11/13/17 10:30,11/13/17 10:34,IP Address,,100,250,TRUE,11/13/17 10:34,R_XTbB5cAIXFeeVTb,,,,,,,anonymous,EN,"Yes, I consent.",,7,7,3,5,7,5,3,5,3,3,3,,,,,,,,,,,,,,,,,,,,,,,Not spend my miles on 2 nights in a luxury hotel,Not spend my miles on an upgrade of an international flight to first class,Not spend my miles on a 4-day rental of a mid-sized vehicle,Not spend my miles on a $200 Amazon gift card,Not spend my miles on dinner for 2 at a Michelin-starred restaurant,Not spend my miles on a $150 mall gift card,Not spend my miles on 2 one-year magazine subscriptions,Not spend my miles on a $150 gas card,Not spend my miles on a $150 discount on a new smartphone,Not spend my miles on an unlimited movie theater pass for one month,4,7,6,3,4,7,5,3,4,3,3,,I would receive a $100-$150 gift card,Somewhat agree,Male,23,end,start,0,-1,1.8,0.5,
11/14/17 13:11,11/14/17 13:20,IP Address,,100,562,TRUE,11/14/17 13:20,R_usoBNRlmbPVKSNr,,,,,,,anonymous,EN,"Yes, I consent.",,6,7,4,7,6,5,3,2,4,5,3,Spend my miles on 2 nights in a luxury hotel,Spend my miles on an upgrade of an international flight to first class,Not spend my miles on a 4-day rental of a mid-sized vehicle and take the $100 Visa gift card instead,Spend my miles on a $200 Amazon gift card,Spend my miles on dinner for 2 at a Michelin-starred restaurant,Spend my miles on a $150 mall gift card,Not spend my miles on 2 one-year magazine subscriptions and take the $100 Visa gift card instead,Not spend my miles on a $150 gas card and take the $100 Visa gift card instead,Spend my miles on a $150 discount on a new smartphone,Not spend my miles on an unlimited movie theater pass for one month and take the $100 Visa gift card instead,2,5,7,3,6,5,3,2,2,4,5,,,,,,,,,,,,,,,,,,,,,,,,Receive a $100 visa card ,Somewhat disagree,Female,32,end,start,0.6,1,1.9,2.2,
11/14/17 13:17,11/14/17 13:22,IP Address,,100,296,TRUE,11/14/17 13:22,R_spdt3rnpcXKmXkZ,,,,,,,anonymous,EN,"Yes, I consent.",5,7,7,4,6,5,4,5,3,3,5,,Spend my miles on 2 nights in a luxury hotel,Spend my miles on an upgrade of an international flight to first class,Not spend my miles on a 4-day rental of a mid-sized vehicle and take the $100 Visa gift card instead,Spend my miles on a $200 Amazon gift card,Spend my miles on dinner for 2 at a Michelin-starred restaurant,Spend my miles on a $150 mall gift card,Not spend my miles on 2 one-year magazine subscriptions and take the $100 Visa gift card instead,Spend my miles on a $150 gas card,Not spend my miles on a $150 discount on a new smartphone and take the $100 Visa gift card instead,Not spend my miles on an unlimited movie theater pass for one month and take the $100 Visa gift card instead,,5,7,4,6,5,4,5,4,5,5,6,,,,,,,,,,,,,,,,,,,,,,,$100 VISA gift card ,Somewhat disagree,Female,22,start,end,0.6,1,-0.1,-1,
11/14/17 20:29,11/14/17 20:33,IP Address,,100,251,TRUE,11/14/17 20:33,R_U9JHzyX8CyY8Rfr,,,,,,,anonymous,EN,"Yes, I consent.",,7,7,5,6,7,4,3,5,5,4,6,Spend my miles on 2 nights in a luxury hotel,Spend my miles on an upgrade of an international flight to first class,Not spend my miles on a 4-day rental of a mid-sized vehicle and take the $100 Visa gift card instead,Spend my miles on a $200 Amazon gift card,Spend my miles on dinner for 2 at a Michelin-starred restaurant,Spend my miles on a $150 mall gift card,Not spend my miles on 2 one-year magazine subscriptions and take the $100 Visa gift card instead,Spend my miles on a $150 gas card,Spend my miles on a $150 discount on a new smartphone,Not spend my miles on an unlimited movie theater pass for one month and take the $100 Visa gift card instead,,7,7,4,5,7,4,3,5,5,4,5,,,,,,,,,,,,,,,,,,,,,,,they would expire,Strongly agree,Female,20,end,end,0.7,1,-0.7,0.1,
11/14/17 22:49,11/14/17 22:54,IP Address,,100,282,TRUE,11/14/17 22:54,R_2tEbevjDdOeTpN2,,,,,,,anonymous,EN,"Yes, I consent.",7,3,7,3,7,2,5,1,7,5,7,,,,,,,,,,,,,,,,,,,,,,,,Spend my miles on 2 nights in a luxury hotel,Spend my miles on an upgrade of an international flight to first class,Not spend my miles on a 4-day rental of a mid-sized vehicle,Spend my miles on a $200 Amazon gift card,Spend my miles on dinner for 2 at a Michelin-starred restaurant,Spend my miles on a $150 mall gift card,Not spend my miles on 2 one-year magazine subscriptions,Spend my miles on a $150 gas card,Spend my miles on a $150 discount on a new smartphone,Not spend my miles on an unlimited movie theater pass for one month,7,5,7,4,7,5,7,1,7,7,7,,They would expire and I would get a $100 Visa Gift card.,Somewhat disagree,Male,24,start,start,0.7,-1,-2.3,-1.3,
11/15/17 19:55,11/15/17 20:02,IP Address,,100,382,TRUE,11/15/17 20:02,R_25BICn0pVDpKmzH,,,,,,,anonymous,EN,"Yes, I consent.",,7,7,5,7,7,7,5,7,2,4,7,,,,,,,,,,,,,,,,,,,,,,,Spend my miles on 2 nights in a luxury hotel,Spend my miles on an upgrade of an international flight to first class,Spend my miles on a 4-day rental of a mid-sized vehicle,Spend my miles on a $200 Amazon gift card,Spend my miles on dinner for 2 at a Michelin-starred restaurant,Spend my miles on a $150 mall gift card,Spend my miles on 2 one-year magazine subscriptions,Spend my miles on a $150 gas card,Not spend my miles on a $150 discount on a new smartphone,Not spend my miles on an unlimited movie theater pass for one month,7,7,7,7,7,7,7,4,7,3,7,,I would try to redeem them or travel,Somewhat disagree,Female,56,end,start,0.8,-1,-1.2,-0.7,
11/16/17 13:38,11/16/17 13:43,IP Address,,100,281,TRUE,11/16/17 13:43,R_UnFnzpuOrcf074d,,,,,,,anonymous,EN,"Yes, I consent.",7,7,7,7,7,7,7,7,7,7,7,,Spend my miles on 2 nights in a luxury hotel,Spend my miles on an upgrade of an international flight to first class,Spend my miles on a 4-day rental of a mid-sized vehicle,Spend my miles on a $200 Amazon gift card,Spend my miles on dinner for 2 at a Michelin-starred restaurant,Spend my miles on a $150 mall gift card,Not spend my miles on 2 one-year magazine subscriptions and take the $100 Visa gift card instead,Spend my miles on a $150 gas card,Not spend my miles on a $150 discount on a new smartphone and take the $100 Visa gift card instead,Not spend my miles on an unlimited movie theater pass for one month and take the $100 Visa gift card instead,7,7,7,7,7,7,7,7,7,7,7,,,,,,,,,,,,,,,,,,,,,,,,"Get $100 visa giftcard. Or was that one of the 10 options? If so, just spend them on a flight",Somewhat disagree,Female,23,start,start,0.7,1,0,0,